<?xml version='1.0' encoding='UTF-8'?>
<odoo>
  <record id="studio_customization.new_text_contact_65867414-555e-4143-b9b1-1b418cf9873a" model="ir.model.fields" context="{'studio': True}">
    <field name="complete_name" eval="False"/>
    <field name="compute" eval="False"/>
    <field name="copied" eval="True"/>
    <field name="depends" eval="False"/>
    <field name="domain">[]</field>
    <field name="field_description">New Text</field>
    <field name="groups" eval="[(6, 0, [])]"/>
    <field name="help" eval="False"/>
    <field name="index" eval="False"/>
    <field name="model">res.partner</field>
    <field name="model_id" ref="base.model_res_partner"/>
    <field name="name">x_studio_char_field_c3KNb</field>
    <field name="on_delete" eval="False"/>
    <field name="readonly" eval="False"/>
    <field name="related" eval="False"/>
    <field name="relation" eval="False"/>
    <field name="relation_field" eval="False"/>
    <field name="relation_table" eval="False"/>
    <field name="required" eval="False"/>
    <field name="selectable" eval="True"/>
    <field name="selection" eval="False"/>
    <field name="size" eval="False"/>
    <field name="state">manual</field>
    <field name="store" eval="True"/>
    <field name="tracking" eval="False"/>
    <field name="translate" eval="False"/>
    <field name="ttype">char</field>
  </record>
</odoo>
